Event,Coeffs,Real Odds
Dump In/Out,-1.8186617445147006,-0.8377572720632226
Incomplete Play,-2.226656045955776,-0.892111397871709
Penalty Taken,-10.147490791666906,-0.9999608257451776
Play,2.0341115389790025,6.645456417050355
Puck Recovery,2.2741558171794454,8.719710335749195
Shot,1.3399204000753209,2.8187395218896536
Takeaway,1.7525287664269706,4.769173136935153
Zone Entry,2.9162911042016084,17.472647125199007
