Event,Coeffs,Real Odds
Dump In/Out,-0.0898568988977843,-0.08593802081065649
Faceoff Win,-0.05060151913812533,-0.04934258614794762
Incomplete Play,-0.1386698685531617,-0.1294846344767434
Penalty Taken,8.59826003231393,5421.216896566492
Play,6.979506291571818,1073.3878017214292
Puck Recovery,7.167634176492173,1295.773034712851
Shot,6.232280382982237,507.914681665051
Takeaway,6.521882059366329,678.8567127120265
Zone Entry,7.785744170050795,2405.055996731525
